model,generator,n_seeds,n_images_per_seed,n_real_per_seed,n_fake_per_seed,auroc_n_defined,auroc_mean,auroc_seed_sd,accuracy_n_defined,accuracy_mean,accuracy_seed_sd,precision_n_defined,precision_mean,precision_seed_sd,recall_n_defined,recall_mean,recall_seed_sd
A,glide,3,3666,1166,2500,3,0.9745924528301887,0.004939115719233761,3,0.9142571376613929,0.010001405205631569,3,0.963131054908004,0.00921231796782683,3,0.9092,0.01860322552677358
A,Midjourney,3,3666,1166,2500,3,0.9368702115494568,0.0012764939123468097,3,0.8253318785233679,0.02675485486431824,3,0.9574785694989909,0.008647429932707262,3,0.7787999999999999,0.04855841842564482
A,wukong,3,3666,1166,2500,3,0.9429211549456832,0.004984946999439356,3,0.842789598108747,0.01693488199806232,3,0.9586878046033074,0.009226265070273524,3,0.8044,0.03381597255735818
F,glide,3,3666,1166,2500,3,0.9165541452258433,0.037191443638035636,3,0.7686852154937261,0.0755961118372662,3,0.9399760836343328,0.029604752120336888,3,0.7074666666666667,0.12251780822938897
F,Midjourney,3,3666,1166,2500,3,0.7104995997712978,0.0645834116077902,3,0.486088379705401,0.037244782218021855,3,0.8672027497326985,0.062095800280277925,3,0.29306666666666664,0.05944050246535046
F,wukong,3,3666,1166,2500,3,0.795294568324757,0.07751771672209522,3,0.6207492271322058,0.06205798655441975,3,0.9121292855010444,0.054810293593021336,3,0.4905333333333334,0.07727802619977646
B,glide,3,3666,1166,2500,3,0.9757634076615209,0.0042798397178077565,3,0.9029823604291689,0.043419817313726385,3,0.9676536332274779,0.014814459648269579,3,0.8884,0.07960803979498554
B,Midjourney,3,3666,1166,2500,3,0.9074965122927386,0.007317521702188979,3,0.7194035279141662,0.11152048954957701,3,0.9552079118515988,0.014110335959876224,3,0.6192,0.17843362911738359
B,wukong,3,3666,1166,2500,3,0.9399650085763295,0.007155413079072147,3,0.800872885979269,0.09437724876574118,3,0.9620579704341972,0.01448684388354529,3,0.7386666666666667,0.153348926743337
