model,seed,glide_auroc,Midjourney_auroc,wukong_auroc,macro_auroc,cross_generator_sd,worst_generator_auroc,worst_generators,auroc_range
A,42,0.9766672384219555,0.936445283018868,0.9459689536878216,0.953027158376215,0.017162267025453124,0.936445283018868,Midjourney,0.040221955403087484
A,123,0.9781557461406518,0.9383049742710119,0.9456260720411663,0.95402893081761,0.01732006603844538,0.9383049742710119,Midjourney,0.03985077186963992
A,2026,0.9689543739279588,0.9358603773584906,0.9371684391080617,0.9473277301315037,0.015301667617381564,0.9358603773584906,Midjourney,0.03309399656946821
F,42,0.9478826758147513,0.7661893653516294,0.849306346483705,0.8544594625500286,0.07426542811949065,0.7661893653516294,Midjourney,0.18169331046312187
F,123,0.9263279588336193,0.7256082332761578,0.8301032590051458,0.8273464837049743,0.08196666767455901,0.7256082332761578,Midjourney,0.20071972555746154
F,2026,0.8754518010291594,0.6397012006861064,0.7064740994854202,0.7405423670668954,0.0992138146715793,0.6397012006861064,Midjourney,0.23575060034305306
B,42,0.976906346483705,0.9011265866209262,0.9331046312178387,0.9370458547741566,0.03106222715298828,0.9011265866209262,Midjourney,0.07577975986277885
B,123,0.9793557461406518,0.905873756432247,0.9394075471698116,0.9415456832475702,0.030036970800351878,0.905873756432247,Midjourney,0.0734819897084048
B,2026,0.9710281303602059,0.9154891938250429,0.947382847341338,0.9446333905088623,0.02275687445614988,0.9154891938250429,Midjourney,0.05553893653516295
