model,seed,generator,n_images,n_real,n_fake,tn,fp,fn,tp,auroc,accuracy,precision,recall,precision_defined
A,42,glide,3666,1166,2500,1074,92,180,2320,0.9766672384219555,0.9258046917621385,0.9618573797678275,0.928,True
A,42,Midjourney,3666,1166,2500,1074,92,536,1964,0.936445283018868,0.828696126568467,0.9552529182879378,0.7856,True
A,42,wukong,3666,1166,2500,1074,92,450,2050,0.9459689536878216,0.8521549372613202,0.9570494864612512,0.82,True
A,123,glide,3666,1166,2500,1104,62,273,2227,0.9781557461406518,0.908619749045281,0.9729139362166885,0.8908,True
A,123,Midjourney,3666,1166,2500,1104,62,682,1818,0.9383049742710119,0.7970540098199672,0.9670212765957447,0.7272,True
A,123,wukong,3666,1166,2500,1104,62,586,1914,0.9456260720411663,0.823240589198036,0.9686234817813765,0.7656,True
A,2026,glide,3666,1166,2500,1058,108,228,2272,0.9689543739279588,0.9083469721767594,0.9546218487394958,0.9088,True
A,2026,Midjourney,3666,1166,2500,1058,108,441,2059,0.9358603773584906,0.8502454991816694,0.9501615136132903,0.8236,True
A,2026,wukong,3666,1166,2500,1058,108,431,2069,0.9371684391080617,0.8529732678668849,0.9503904455672945,0.8276,True
F,42,glide,3666,1166,2500,1061,105,461,2039,0.9478826758147513,0.845608292416803,0.9510261194029851,0.8156,True
F,42,Midjourney,3666,1166,2500,1061,105,1622,878,0.7661893653516294,0.5289143480632842,0.8931841302136317,0.3512,True
F,42,wukong,3666,1166,2500,1061,105,1057,1443,0.849306346483705,0.6830332787779596,0.9321705426356589,0.5772,True
F,123,glide,3666,1166,2500,1110,56,1064,1436,0.9263279588336193,0.6944899072558647,0.9624664879356568,0.5744,True
F,123,Midjourney,3666,1166,2500,1110,56,1919,581,0.7256082332761578,0.46126568466994,0.9120879120879121,0.2324,True
F,123,wukong,3666,1166,2500,1110,56,1336,1164,0.8301032590051458,0.6202945990180033,0.9540983606557377,0.4656,True
F,2026,glide,3666,1166,2500,977,189,669,1831,0.8754518010291594,0.7659574468085106,0.9064356435643565,0.7324,True
F,2026,Midjourney,3666,1166,2500,977,189,1761,739,0.6397012006861064,0.46808510638297873,0.7963362068965517,0.2956,True
F,2026,wukong,3666,1166,2500,977,189,1428,1072,0.7064740994854202,0.5589198036006546,0.8501189532117367,0.4288,True
B,42,glide,3666,1166,2500,1133,33,504,1996,0.976906346483705,0.853518821603928,0.9837358304583539,0.7984,True
B,42,Midjourney,3666,1166,2500,1133,33,1467,1033,0.9011265866209262,0.5908346972176759,0.9690431519699813,0.4132,True
B,42,wukong,3666,1166,2500,1133,33,1096,1404,0.9331046312178387,0.6920349154391707,0.9770354906054279,0.5616,True
B,123,glide,3666,1166,2500,1053,113,126,2374,0.9793557461406518,0.9348063284233497,0.9545637314032972,0.9496,True
B,123,Midjourney,3666,1166,2500,1053,113,703,1797,0.905873756432247,0.7774140752864157,0.9408376963350785,0.7188,True
B,123,wukong,3666,1166,2500,1053,113,435,2065,0.9394075471698116,0.8505182760501909,0.94811753902663,0.826,True
B,2026,glide,3666,1166,2500,1082,84,207,2293,0.9710281303602059,0.9206219312602292,0.9646613378207824,0.9172,True
B,2026,Midjourney,3666,1166,2500,1082,84,686,1814,0.9154891938250429,0.789961811238407,0.9557428872497366,0.7256,True
B,2026,wukong,3666,1166,2500,1082,84,429,2071,0.947382847341338,0.8600654664484452,0.9610208816705337,0.8284,True
