seed,scope,metric,A,B,B_minus_A,preferred_direction
42,glide,auroc,0.9766672384219555,0.976906346483705,0.0002391080617495378,higher
42,Midjourney,auroc,0.936445283018868,0.9011265866209262,-0.03531869639794183,higher
42,wukong,auroc,0.9459689536878216,0.9331046312178387,-0.012864322469982925,higher
42,three_generators,macro_auroc,0.953027158376215,0.9370458547741566,-0.015981303602058405,higher
42,three_generators,cross_generator_sd,0.017162267025453124,0.03106222715298828,0.013899960127535155,lower
42,three_generators,worst_generator_auroc,0.936445283018868,0.9011265866209262,-0.03531869639794183,higher
123,glide,auroc,0.9781557461406518,0.9793557461406518,0.0011999999999999789,higher
123,Midjourney,auroc,0.9383049742710119,0.905873756432247,-0.0324312178387649,higher
123,wukong,auroc,0.9456260720411663,0.9394075471698116,-0.006218524871354769,higher
123,three_generators,macro_auroc,0.95402893081761,0.9415456832475702,-0.012483247570039824,higher
123,three_generators,cross_generator_sd,0.01732006603844538,0.030036970800351878,0.012716904761906497,lower
123,three_generators,worst_generator_auroc,0.9383049742710119,0.905873756432247,-0.0324312178387649,higher
2026,glide,auroc,0.9689543739279588,0.9710281303602059,0.0020737564322470536,higher
2026,Midjourney,auroc,0.9358603773584906,0.9154891938250429,-0.02037118353344769,higher
2026,wukong,auroc,0.9371684391080617,0.947382847341338,0.01021440823327635,higher
2026,three_generators,macro_auroc,0.9473277301315037,0.9446333905088623,-0.0026943396226414285,higher
2026,three_generators,cross_generator_sd,0.015301667617381564,0.02275687445614988,0.007455206838768318,lower
2026,three_generators,worst_generator_auroc,0.9358603773584906,0.9154891938250429,-0.02037118353344769,higher
