model,seed,scope,n_images,n_real,n_fake,tn,fp,fn,tp,auroc,accuracy,precision,recall,precision_defined
A,42,all_generators_pooled_secondary,8666,1166,7500,1074,92,1166,6334,0.9530271583762149,0.8548349873067159,0.9856831621537504,0.8445333333333334,True
A,123,all_generators_pooled_secondary,8666,1166,7500,1104,62,1541,5959,0.9540289308176101,0.8150242326332795,0.9897027071914964,0.7945333333333333,True
A,2026,all_generators_pooled_secondary,8666,1166,7500,1058,108,1100,6400,0.9473277301315037,0.860604661897069,0.9834050399508297,0.8533333333333334,True
F,42,all_generators_pooled_secondary,8666,1166,7500,1061,105,3140,4360,0.8544594625500286,0.6255481190860835,0.9764837625979843,0.5813333333333334,True
F,123,all_generators_pooled_secondary,8666,1166,7500,1110,56,4319,3181,0.8273464837049742,0.49515347334410337,0.982700030892802,0.4241333333333333,True
F,2026,all_generators_pooled_secondary,8666,1166,7500,977,189,3858,3642,0.7405423670668954,0.5330025386568198,0.9506656225528582,0.4856,True
B,42,all_generators_pooled_secondary,8666,1166,7500,1133,33,3067,4433,0.9370458547741567,0.6422801753981076,0.9926108374384236,0.5910666666666666,True
B,123,all_generators_pooled_secondary,8666,1166,7500,1053,113,1264,6236,0.94154568324757,0.8411031617816755,0.9822019215624508,0.8314666666666667,True
B,2026,all_generators_pooled_secondary,8666,1166,7500,1082,84,1322,6178,0.9446333905088622,0.8377567505192707,0.9865857553497285,0.8237333333333333,True
