epoch,train_loss,validation_loss,train_accuracy,train_precision,train_recall,train_auroc,validation_accuracy,validation_precision,validation_recall,validation_auroc,epoch_seconds
1,0.3968827542325461,1.0268989554273582,0.822844670789378,0.8464903937607,0.7959220175281703,0.8980768782126555,0.4877250409165303,0.7313988095238095,0.3932,0.5738493996569468,92.57786010000018
2,0.3161214700164514,0.6543116261252795,0.8687704619861768,0.8816741638959515,0.8432472876917322,0.9375429648831812,0.7332242225859247,0.8634192932187201,0.7232,0.7957663807890223,95.03782209999918
3,0.25873860909250185,1.4110099701561436,0.8950527464532557,0.9027303754266212,0.881340244353943,0.9584010119796995,0.6423895253682488,0.9507202426080363,0.5016,0.8302740994854203,96.93218329999945
4,0.18851268873101107,0.6265971060015111,0.9333393961440524,0.941297824456114,0.9227799227799228,0.9775762383412966,0.768139661756683,0.8495762711864406,0.802,0.831253859348199,94.18584159999955
5,0.14523105855818422,1.439171063529294,0.9440705711167697,0.950976778474014,0.936649119622436,0.9867279987817869,0.6631205673758865,0.8637147786083956,0.6008,0.7501415094339623,91.76062379999894
6,0.12117920531635502,1.9012928692551825,0.9582575481993452,0.9620670698185816,0.9541984732824428,0.9901777782894451,0.5717403164211675,0.8184931506849316,0.478,0.652616295025729,91.02125610000076
7,0.09200530504809863,2.1451338141327403,0.9658966897053474,0.9707081942899518,0.9602053915275995,0.9943476934196241,0.5932896890343698,0.902633679169992,0.4524,0.7654924528301886,95.50689349999993
8,0.08395709558710233,1.6974841088332964,0.9708985085485631,0.9729581582313174,0.9687102055666728,0.9957384217541596,0.7026732133115112,0.9151943462897526,0.6216,0.8234092624356776,106.65874640000038
9,0.07352070518501344,1.8897994913433136,0.9749909057839214,0.9789762340036563,0.970988213961922,0.9965716892593436,0.6456628477905073,0.8637189582071472,0.5704,0.7411231560891938,99.70020149999982
10,0.06853689498509623,2.9213527820179257,0.9748090214623499,0.976089755379805,0.9730473047304731,0.9972916093485927,0.5954719039825422,0.8578465869106263,0.4876,0.7091435677530017,99.19374550000066
11,0.06136539063364587,1.725967979844125,0.9821753364859949,0.9834334607682506,0.9809333575449428,0.9975012507475289,0.676759410801964,0.766302146618064,0.7568,0.6951087478559177,97.73471729999983
12,0.05831597471147502,2.256066562598739,0.982811931611495,0.9830691642651297,0.9828921303799748,0.9978404120644715,0.6702127659574468,0.8707639287765652,0.6064,0.7685315608919383,99.50682210000014
13,0.057306236498914635,1.7883970473740052,0.9807202619134231,0.9829320876751707,0.9790622763063708,0.9980975783377737,0.6963993453355155,0.8368139873725109,0.6892,0.7543142367066895,94.81283799999983
14,0.050670049978503266,2.131028410553347,0.9830847580938523,0.986664263831321,0.979953463397172,0.9984576481805162,0.6887615930169122,0.8458015267175573,0.6648,0.7568785591766725,99.67940029999954
15,0.05369074732465624,2.1075977557224457,0.9825391051291379,0.98374571067365,0.9816183096053342,0.9983359361660125,0.6778505182760501,0.8732314657611772,0.6172,0.7572024013722127,96.69113950000065
